{
    "Loss": 0.5169791579246521,
    "Accuracy": 0.931034505367279
}